Id_Secteur,Codeinsseecommune,Communesrelevantdusecteurderecrutement,Detailsecteurscolaire,Commune,college,Adressecollege,BPcollege,Cedexcollege,Codepostalcollege,Codeinseecommunecollege
"SECT_1","22004","BEGARD","","BEGARD","Collège ""François Clec'h""","20 avenue Pierre Perron","BP 6","","22140","22004"
"SECT_10","22254","PRAT","","BEGARD","Collège ""François Clec'h""","20 avenue Pierre Perron","BP 6","","22140","22004"
"SECT_100","22358","TREGONNEAU","","GUINGAMP","Collège ""Albert Camus""","2 rue Kerpaour - Grâces","BP 50534","Cedex","22205","22070"
"SECT_101","22065","GOUDELIN","","GUINGAMP","Collège ""Jacques Prévert""","58 rue de la Trinité","BP 90547","","22205","22070"
"SECT_102","22070","GUINGAMP","rive droite du Trieux","GUINGAMP","Collège ""Jacques Prévert""","58 rue de la Trinité","BP 90547","","22205","22070"
"SECT_103","22150","MERZER (LE)","","GUINGAMP","Collège ""Jacques Prévert""","58 rue de la Trinité","BP 90547","","22205","22070"
"SECT_104","22161","PABU","","GUINGAMP","Collège ""Jacques Prévert""","58 rue de la Trinité","BP 90547","","22205","22070"
"SECT_105","22225","PLOUMAGOAR","","GUINGAMP","Collège ""Jacques Prévert""","58 rue de la Trinité","BP 90547","","22205","22070"
"SECT_106","22248","POMMERIT-LE-VICOMTE","","GUINGAMP","Collège ""Jacques Prévert""","58 rue de la Trinité","BP 90547","","22205","22070"
"SECT_107","22272","SAINT-AGATHON","","GUINGAMP","Collège ""Jacques Prévert""","58 rue de la Trinité","BP 90547","","22205","22070"
"SECT_108","22002","ANDEL","","LAMBALLE","Collège ""Gustave Téry""","20 Rue St Martin","BP 50318","Cedex","22403","22093"
"SECT_109","22044","COETMIEUX","","LAMBALLE","Collège ""Gustave Téry""","20 Rue St Martin","BP 50318","Cedex","22403","22093"
"SECT_11","22310","SAINT-LAURENT","","BEGARD","Collège ""François Clec'h""","20 avenue Pierre Perron","BP 6","","22140","22004"
"SECT_110","22093","LAMBALLE","","LAMBALLE","Collège ""Gustave Téry""","20 Rue St Martin","BP 50318","Cedex","22403","22093"
"SECT_111","22098","LANDEHEN","","LAMBALLE","Collège ""Gustave Téry""","20 Rue St Martin","BP 50318","Cedex","22403","22093"
"SECT_112","22140","MALHOURE (LA)","","LAMBALLE","Collège ""Gustave Téry""","20 Rue St Martin","BP 50318","Cedex","22403","22093"
"SECT_113","22151","MESLIN","","LAMBALLE","Collège ""Gustave Téry""","20 Rue St Martin","BP 50318","Cedex","22403","22093"
"SECT_114","22160","NOYAL","","LAMBALLE","Collège ""Gustave Téry""","20 Rue St Martin","BP 50318","Cedex","22403","22093"
"SECT_115","22246","POMMERET","","LAMBALLE","Collège ""Gustave Téry""","20 Rue St Martin","BP 50318","Cedex","22403","22093"
"SECT_116","22261","QUINTENIC","","LAMBALLE","Collège ""Gustave Téry""","20 Rue St Martin","BP 50318","Cedex","22403","22093"
"SECT_117","22326","SAINT-RIEUL","","LAMBALLE","Collège ""Gustave Téry""","20 Rue St Martin","BP 50318","Cedex","22403","22093"
"SECT_118","22030","CAOUENNEC-LANVEZEAC","","LANNION","Collège ""Yves Coppens""","Rue Yves Coppens","","","22300","22113"
"SECT_119","22110","LANMERIN","","LANNION","Collège ""Yves Coppens""","Rue Yves Coppens","","","22300","22113"
"SECT_12","22005","BELLE ISLE EN TERRE","","BELLE-ISLE-EN-TERRE","Collège "" Prat Eles ""","3 Prat Eles","B.P.1","","22810","22005"
"SECT_120","22113","LANNION","à l'exception du secteur Nord-Ouest délimité par la route de PERROS GUIREC - Avenue de la Résistance - rue de Placenn Ar Guer - rue de St Ugeon - rue de Krec'h Huet - rue de Pors An Prat -rue Le Bourdon - rue de la Trinité - Quai de Viarmes - Quai du Maréchal Joffre - Avenue du général de Gaulle – rue Trorozec et voix ferrée","LANNION","Collège ""Yves Coppens""","Rue Yves Coppens","","","22300","22113"
"SECT_121","22211","PLOUBEZRE","","LANNION","Collège ""Yves Coppens""","Rue Yves Coppens","","","22300","22113"
"SECT_122","22265","ROSPEZ","","LANNION","Collège ""Yves Coppens""","Rue Yves Coppens","","","22300","22113"
"SECT_123","22381","TREZENY","","LANNION","Collège ""Yves Coppens""","Rue Yves Coppens","","","22300","22113"
"SECT_124","22113","LANNION","secteur Nord-Ouest délimité par la route de PERROS GUIREC - Avenue de la Résistance - rue de Placenn Ar Guer - rue de St Ugeon - rue de Krec'h Huet - rue de Pors An Prat -rue Le Bourdon - rue de la Trinité - Quai de Viarmes - Quai du Maréchal Joffre - Avenue du général de Gaulle – rue Trorozec et voix ferrée","LANNION","Collège ""Charles Le Goffic""","7 rue de Pen Ar Stang","","","22300","22113"
"SECT_125","22224","PLOULEC'H","","LANNION","Collège ""Charles Le Goffic""","7 rue de Pen Ar Stang","","","22300","22113"
"SECT_126","22068","GRACE-UZEL","","LOUDEAC","Collège ""Les Livaudières""","Rue Joseph Chapron","B.P. 581","Cedex","22605","22136"
"SECT_127","22075","HEMONSTOIR","","LOUDEAC","Collège ""Les Livaudières""","Rue Joseph Chapron","B.P. 581","Cedex","22605","22136"
"SECT_128","22100","LANGAST","","LOUDEAC","Collège ""Les Livaudières""","Rue Joseph Chapron","B.P. 581","Cedex","22605","22136"
"SECT_129","22136","LOUDEAC","","LOUDEAC","Collège ""Les Livaudières""","Rue Joseph Chapron","B.P. 581","Cedex","22605","22136"
"SECT_13","22129","LOC-ENVEL","","BELLE-ISLE-EN-TERRE","Collège "" Prat Eles ""","3 Prat Eles","B.P.1","","22810","22005"
"SECT_130","22155","MOTTE (LA)","","LOUDEAC","Collège ""Les Livaudières""","Rue Joseph Chapron","B.P. 581","Cedex","22605","22136"
"SECT_131","22219","PLOUGUENAST","","LOUDEAC","Collège ""Les Livaudières""","Rue Joseph Chapron","B.P. 581","Cedex","22605","22136"
"SECT_132","22275","SAINT-BARNABE","","LOUDEAC","Collège ""Les Livaudières""","Rue Joseph Chapron","B.P. 581","Cedex","22605","22136"
"SECT_133","22279","SAINT-CARADEC","","LOUDEAC","Collège ""Les Livaudières""","Rue Joseph Chapron","B.P. 581","Cedex","22605","22136"
"SECT_134","22300","SAINT-HERVE","","LOUDEAC","Collège ""Les Livaudières""","Rue Joseph Chapron","B.P. 581","Cedex","22605","22136"
"SECT_135","22314","SAINT-MAUDAN","","LOUDEAC","Collège ""Les Livaudières""","Rue Joseph Chapron","B.P. 581","Cedex","22605","22136"
"SECT_136","22330","SAINT-THELO","","LOUDEAC","Collège ""Les Livaudières""","Rue Joseph Chapron","B.P. 581","Cedex","22605","22136"
"SECT_137","22376","TREVE","","LOUDEAC","Collège ""Les Livaudières""","Rue Joseph Chapron","B.P. 581","Cedex","22605","22136"
"SECT_138","22384","UZEL-PRES-L'OUST","","LOUDEAC","Collège ""Les Livaudières""","Rue Joseph Chapron","B.P. 581","Cedex","22605","22136"
"SECT_139","22076","HENANBIHEN","","MATIGNON","Collège ""Paul Sébillot""","9 rue des Guerches","BP 20","","22550","22143"
"SECT_14","22131","LOGUIVY-PLOUGRAS","Secteur situé à l'Est de la Rivière Milin ar Prat","BELLE-ISLE-EN-TERRE","Collège "" Prat Eles ""","3 Prat Eles","B.P.1","","22810","22005"
"SECT_140","22143","MATIGNON","","MATIGNON","Collège ""Paul Sébillot""","9 rue des Guerches","BP 20","","22550","22143"
"SECT_141","22174","PLEBOULLE","","MATIGNON","Collège ""Paul Sébillot""","9 rue des Guerches","BP 20","","22550","22143"
"SECT_142","22268","RUCA","","MATIGNON","Collège ""Paul Sébillot""","9 rue des Guerches","BP 20","","22550","22143"
"SECT_143","22282","SAINT-CAST-LE-GUILDO","","MATIGNON","Collège ""Paul Sébillot""","9 rue des Guerches","BP 20","","22550","22143"
"SECT_144","22286","SAINT-DENOUAL","","MATIGNON","Collège ""Paul Sébillot""","9 rue des Guerches","BP 20","","22550","22143"
"SECT_145","22323","SAINT-POTAN","","MATIGNON","Collège ""Paul Sébillot""","9 rue des Guerches","BP 20","","22550","22143"
"SECT_146","22062","GOMENE","","MERDRIGNAC","Collège ""Per Jakez Hélias""","6 rue Jules Ferry","BP 76","","22230","22147"
"SECT_147","22083","ILLIFAUT","","MERDRIGNAC","Collège ""Per Jakez Hélias""","6 rue Jules Ferry","BP 76","","22230","22147"
"SECT_148","22122","LAURENAN","","MERDRIGNAC","Collège ""Per Jakez Hélias""","6 rue Jules Ferry","BP 76","","22230","22147"
"SECT_149","22133","LOSCOUËT/MEU","","MERDRIGNAC","Collège ""Per Jakez Hélias""","6 rue Jules Ferry","BP 76","","22230","22147"
"SECT_15","22135","LOUARGAT","Sectuer à l'exception de la partie située au nord du chemin de fer","BELLE-ISLE-EN-TERRE","Collège "" Prat Eles ""","3 Prat Eles","B.P.1","","22810","22005"
"SECT_150","56129","MENEAC","","MERDRIGNAC","Collège ""Per Jakez Hélias""","6 rue Jules Ferry","BP 76","","22230","22147"
"SECT_151","22147","MERDRIGNAC","","MERDRIGNAC","Collège ""Per Jakez Hélias""","6 rue Jules Ferry","BP 76","","22230","22147"
"SECT_152","22148","MERILLAC","","MERDRIGNAC","Collège ""Per Jakez Hélias""","6 rue Jules Ferry","BP 76","","22230","22147"
"SECT_153","22309","SAINT-LAUNEUC","","MERDRIGNAC","Collège ""Per Jakez Hélias""","6 rue Jules Ferry","BP 76","","22230","22147"
"SECT_154","22333","SAINT-VRAN","","MERDRIGNAC","Collège ""Per Jakez Hélias""","6 rue Jules Ferry","BP 76","","22230","22147"
"SECT_155","22371","TREMOREL","","MERDRIGNAC","Collège ""Per Jakez Hélias""","6 rue Jules Ferry","BP 76","","22230","22147"
"SECT_156","22015","BREHAND","","MONCONTOUR","Collège ""François Lorant""","Le Bourgneuf","BP 14","","22510","22153"
"SECT_157","22079","HENON","à l'exception du Haut Hénon","MONCONTOUR","Collège ""François Lorant""","Le Bourgneuf","BP 14","","22510","22153"
"SECT_158","22153","MONCONTOUR","","MONCONTOUR","Collège ""François Lorant""","Le Bourgneuf","BP 14","","22510","22153"
"SECT_159","22184","PLEMY","Zone à l'Est d'une ligne passant par les hameaux suivant en les incluant :Les Alleux, Les Guébeuroux, Belle Brise, Quengo, la Barre","MONCONTOUR","Collège ""François Lorant""","Le Bourgneuf","BP 14","","22510","22153"
"SECT_16","22216","PLOUGONVER","","BELLE-ISLE-EN-TERRE","Collège "" Prat Eles ""","3 Prat Eles","B.P.1","","22810","22005"
"SECT_160","22258","QUESSOY","","MONCONTOUR","Collège ""François Lorant""","Le Bourgneuf","BP 14","","22510","22153"
"SECT_161","22332","SAINT-TRIMOEL","","MONCONTOUR","Collège ""François Lorant""","Le Bourgneuf","BP 14","","22510","22153"
"SECT_162","22345","TREBRY","","MONCONTOUR","Collège ""François Lorant""","Le Bourgneuf","BP 14","","22510","22153"
"SECT_163","22346","TREDANIEL","","MONCONTOUR","Collège ""François Lorant""","Le Bourgneuf","BP 14","","22510","22153"
"SECT_164","22033","CAUREL","","MUR-DE-BRETAGNE","Collège ""Paul Eluard""","1 rue des Ecoles","","","22530","22158"
"SECT_165","22149","MERLEAC","","MUR-DE-BRETAGNE","Collège ""Paul Eluard""","1 rue des Ecoles","","","22530","22158"
"SECT_166","22158","MUR-DE-BRETAGNE","","MUR-DE-BRETAGNE","Collège ""Paul Eluard""","1 rue des Ecoles","","","22530","22158"
"SECT_167","22260","QUILLIO (LE)","","MUR-DE-BRETAGNE","Collège ""Paul Eluard""","1 rue des Ecoles","","","22530","22158"
"SECT_168","56203","SAINT AIGNAN","","MUR-DE-BRETAGNE","Collège ""Paul Eluard""","1 rue des Ecoles","","","22530","22158"
"SECT_169","22285","SAINT-CONNEC","","MUR-DE-BRETAGNE","Collège ""Paul Eluard""","1 rue des Ecoles","","","22530","22158"
"SECT_17","22217","PLOUGRAS","","BELLE-ISLE-EN-TERRE","Collège "" Prat Eles ""","3 Prat Eles","B.P.1","","22810","22005"
"SECT_170","22290","SAINT-GELVEN","","MUR-DE-BRETAGNE","Collège ""Paul Eluard""","1 rue des Ecoles","","","22530","22158"
"SECT_171","22295","SAINT-GILLES-VIEUX-MARCHE","","MUR-DE-BRETAGNE","Collège ""Paul Eluard""","1 rue des Ecoles","","","22530","22158"
"SECT_172","22298","SAINT-GUEN","","MUR-DE-BRETAGNE","Collège ""Paul Eluard""","1 rue des Ecoles","","","22530","22158"
"SECT_173","22016","BREHAT","","PAIMPOL","Collège ""Chombart de Lauwe""","17 rue de Lanvignec","BP 132","","22500","22162"
"SECT_174","22086","KERFOT","","PAIMPOL","Collège ""Chombart de Lauwe""","17 rue de Lanvignec","BP 132","","22500","22162"
"SECT_175","22127","LEZARDRIEUX","","PAIMPOL","Collège ""Chombart de Lauwe""","17 rue de Lanvignec","BP 132","","22500","22162"
"SECT_176","22162","PAIMPOL","","PAIMPOL","Collège ""Chombart de Lauwe""","17 rue de Lanvignec","BP 132","","22500","22162"
"SECT_177","22196","PLEUDANIEL","","PAIMPOL","Collège ""Chombart de Lauwe""","17 rue de Lanvignec","BP 132","","22500","22162"
"SECT_178","22210","PLOUBAZLANEC","","PAIMPOL","Collège ""Chombart de Lauwe""","17 rue de Lanvignec","BP 132","","22500","22162"
"SECT_179","22214","PLOUEZEC","","PAIMPOL","Collège ""Chombart de Lauwe""","17 rue de Lanvignec","BP 132","","22500","22162"
"SECT_18","22228","PLOUNEVEZ-MOEDEC","","BELLE-ISLE-EN-TERRE","Collège "" Prat Eles ""","3 Prat Eles","B.P.1","","22810","22005"
"SECT_180","22233","PLOURIVO","","PAIMPOL","Collège ""Chombart de Lauwe""","17 rue de Lanvignec","BP 132","","22500","22162"
"SECT_181","22390","YVIAS","","PAIMPOL","Collège ""Chombart de Lauwe""","17 rue de Lanvignec","BP 132","","22500","22162"
"SECT_182","22090","KERMARIA-SULARD","","PERROS-GUIREC","Collège ""Les Sept Iles""","304 rue de Pleumeur Bodou","","","22700","22168"
"SECT_183","22134","LOUANNEC","","PERROS-GUIREC","Collège ""Les Sept Iles""","304 rue de Pleumeur Bodou","","","22700","22168"
"SECT_184","22168","PERROS GUIREC","","PERROS-GUIREC","Collège ""Les Sept Iles""","304 rue de Pleumeur Bodou","","","22700","22168"
"SECT_185","22324","SAINT-QUAY-PERROS","","PERROS-GUIREC","Collège ""Les Sept Iles""","304 rue de Pleumeur Bodou","","","22700","22168"
"SECT_186","22363","TRELEVERN","","PERROS-GUIREC","Collège ""Les Sept Iles""","304 rue de Pleumeur Bodou","","","22700","22168"
"SECT_187","22379","TREVOU-TREGUIGNEC","","PERROS-GUIREC","Collège ""Les Sept Iles""","304 rue de Pleumeur Bodou","","","22700","22168"
"SECT_188","22014","BOURSEUL","","PLANCOET","Collège ""Châteaubriand""","Place Chateaubriand","BP 38","","22130","22172"
"SECT_189","22048","CORSEUL","","PLANCOET","Collège ""Châteaubriand""","Place Chateaubriand","BP 38","","22130","22172"
"SECT_19","22013","BOURBRIAC","","BOURBRIAC","Collège ""Jules Ferry""","11 Hent Garen","BP 12","","22390","22013"
"SECT_190","22049","CREHEN","","PLANCOET","Collège ""Châteaubriand""","Place Chateaubriand","BP 38","","22130","22172"
"SECT_191","22094","LANCIEUX","","PLANCOET","Collège ""Châteaubriand""","Place Chateaubriand","BP 38","","22130","22172"
"SECT_192","22096","LANDEBIA","","PLANCOET","Collège ""Châteaubriand""","Place Chateaubriand","BP 38","","22130","22172"
"SECT_193","22105","LANGUENAN","","PLANCOET","Collège ""Châteaubriand""","Place Chateaubriand","BP 38","","22130","22172"
"SECT_194","22172","PLANCOET","","PLANCOET","Collège ""Châteaubriand""","Place Chateaubriand","BP 38","","22130","22172"
"SECT_195","22192","PLESSIS-BALISSON","","PLANCOET","Collège ""Châteaubriand""","Place Chateaubriand","BP 38","","22130","22172"
"SECT_196","22200","PLEVEN","","PLANCOET","Collège ""Châteaubriand""","Place Chateaubriand","BP 38","","22130","22172"
"SECT_197","22205","PLOREC-SUR-ARGUENON","","PLANCOET","Collège ""Châteaubriand""","Place Chateaubriand","BP 38","","22130","22172"
"SECT_198","22209","PLOUBALAY","","PLANCOET","Collège ""Châteaubriand""","Place Chateaubriand","BP 38","","22130","22172"
"SECT_199","22237","PLUDUNO","","PLANCOET","Collège ""Châteaubriand""","Place Chateaubriand","BP 38","","22130","22172"
"SECT_2","22006","BERHET","","BEGARD","Collège ""François Clec'h""","20 avenue Pierre Perron","BP 6","","22140","22004"
"SECT_20","22088","KERIEN","","BOURBRIAC","Collège ""Jules Ferry""","11 Hent Garen","BP 12","","22390","22013"
"SECT_200","22302","SAINT-JACUT-DE-LA-MER","","PLANCOET","Collège ""Châteaubriand""","Place Chateaubriand","BP 38","","22130","22172"
"SECT_201","22311","SAINT-LORMEL","","PLANCOET","Collège ""Châteaubriand""","Place Chateaubriand","BP 38","","22130","22172"
"SECT_202","22315","SAINT-MAUDEZ","","PLANCOET","Collège ""Châteaubriand""","Place Chateaubriand","BP 38","","22130","22172"
"SECT_203","22317","SAINT-MELOIR-DES-BOIS","","PLANCOET","Collège ""Châteaubriand""","Place Chateaubriand","BP 38","","22130","22172"
"SECT_204","22318","SAINT-MICHEL-DE-PLELAN","","PLANCOET","Collège ""Châteaubriand""","Place Chateaubriand","BP 38","","22130","22172"
"SECT_205","22357","TREGON","","PLANCOET","Collège ""Châteaubriand""","Place Chateaubriand","BP 38","","22130","22172"
"SECT_206","22027","CAMBOUT (LE)","","PLEMET","Collège ""Louis Guilloux""","24 rue de Bodiffé","","","22210","22183"
"SECT_207","22039","CHEZE (LA)","","PLEMET","Collège ""Louis Guilloux""","24 rue de Bodiffé","","","22210","22183"
"SECT_208","22043","COETLOGON","","PLEMET","Collège ""Louis Guilloux""","24 rue de Bodiffé","","","22210","22183"
"SECT_209","22058","FERRIERE (LA)","","PLEMET","Collège ""Louis Guilloux""","24 rue de Bodiffé","","","22210","22183"
"SECT_21","22139","MAGOAR","","BOURBRIAC","Collège ""Jules Ferry""","11 Hent Garen","BP 12","","22390","22013"
"SECT_210","22183","PLEMET","","PLEMET","Collège ""Louis Guilloux""","24 rue de Bodiffé","","","22210","22183"
"SECT_211","22191","PLESSALA","","PLEMET","Collège ""Louis Guilloux""","24 rue de Bodiffé","","","22210","22183"
"SECT_212","22241","PLUMIEUX","","PLEMET","Collège ""Louis Guilloux""","24 rue de Bodiffé","","","22210","22183"
"SECT_213","22255","PRENESSAYE (LA)","","PLEMET","Collège ""Louis Guilloux""","24 rue de Bodiffé","","","22210","22183"
"SECT_214","22288","SAINT-ETIENNE-DU-GUE-DE-L'ISLE","","PLEMET","Collège ""Louis Guilloux""","24 rue de Bodiffé","","","22210","22183"
"SECT_215","56257","TRINITE-PORHOET (LA)","Dpt 56","PLEMET","Collège ""Louis Guilloux""","24 rue de Bodiffé","","","22210","22183"
"SECT_216","22051","DOLO","","PLENEE-JUGON","Collège ""Louis De Chappedelaine""","6 rue Jules Ferry","BP 10","","22640","22185"
"SECT_217","22084","JUGON-LES-LACS","","PLENEE-JUGON","Collège ""Louis De Chappedelaine""","6 rue Jules Ferry","BP 10","","22640","22185"
"SECT_218","22165","PENGUILLY","","PLENEE-JUGON","Collège ""Louis De Chappedelaine""","6 rue Jules Ferry","BP 10","","22640","22185"
"SECT_219","22175","PLEDELIAC","","PLENEE-JUGON","Collège ""Louis De Chappedelaine""","6 rue Jules Ferry","BP 10","","22640","22185"
"SECT_22","22189","PLESIDY","","BOURBRIAC","Collège ""Jules Ferry""","11 Hent Garen","BP 12","","22390","22013"
"SECT_220","22185","PLENEE-JUGON","","PLENEE-JUGON","Collège ""Louis De Chappedelaine""","6 rue Jules Ferry","BP 10","","22640","22185"
"SECT_221","22193","PLESTAN","","PLENEE-JUGON","Collège ""Louis De Chappedelaine""","6 rue Jules Ferry","BP 10","","22640","22185"
"SECT_222","22296","SAINT-GLEN","","PLENEE-JUGON","Collège ""Louis De Chappedelaine""","6 rue Jules Ferry","BP 10","","22640","22185"
"SECT_223","22341","TRAMAIN","","PLENEE-JUGON","Collège ""Louis De Chappedelaine""","6 rue Jules Ferry","BP 10","","22640","22185"
"SECT_224","22077","HENANSAL","","PLENEUF-VAL-ANDRE","Collège ""Jean Richepin""","Bd Kennedy","","","22370","22186"
"SECT_225","22154","MORIEUX","","PLENEUF-VAL-ANDRE","Collège ""Jean Richepin""","Bd Kennedy","","","22370","22186"
"SECT_226","22173","PLANGUENOUAL","","PLENEUF-VAL-ANDRE","Collège ""Jean Richepin""","Bd Kennedy","","","22370","22186"
"SECT_227","22186","PLENEUF-VAL-ANDRE","","PLENEUF-VAL-ANDRE","Collège ""Jean Richepin""","Bd Kennedy","","","22370","22186"
"SECT_228","22273","SAINT-ALBAN","","PLENEUF-VAL-ANDRE","Collège ""Jean Richepin""","Bd Kennedy","","","22370","22186"
"SECT_229","22187","PLERIN","à l'exception du quartier des mines et du Jouguet (zone de la Vallée du Gouët allant de la rue du Puits Cavalier à la rue du Jouguet)","PLERIN","Collège ""Jules Lequier""","1 rue du Gymnase","BP 315","Cedex","22193","22187"
"SECT_23","22249","PONT-MELVEZ","","BOURBRIAC","Collège ""Jules Ferry""","11 Hent Garen","BP 12","","22390","22013"
"SECT_230","22187","PLERIN","Le Légué / St Laurent délimités par les rues du Roselier, de la Ville Angan, du stade et la N12, y compris rue du Port Favigo et Quai Guinard, en bi appartenance avec le collège Le Braz de Saint Brieuc","PLERIN","Collège ""Jules Lequier""","1 rue du Gymnase","BP 315","Cedex","22193","22187"
"SECT_231","22251","PORDIC","","PLERIN","Collège ""Jules Lequier""","1 rue du Gymnase","BP 315","Cedex","22193","22187"
"SECT_232","22367","TREMELOIR","","PLERIN","Collège ""Jules Lequier""","1 rue du Gymnase","BP 315","Cedex","22193","22187"
"SECT_233","22119","LANVELLEC","","PLESTIN-LES-GREVES","Collège du ""Penker""","Rue des écoles","","","22310","22194"
"SECT_234","22194","PLESTIN-LES-GREVES","","PLESTIN-LES-GREVES","Collège du ""Penker""","Rue des écoles","","","22310","22194"
"SECT_235","22226","PLOUMILLIAU","","PLESTIN-LES-GREVES","Collège du ""Penker""","Rue des écoles","","","22310","22194"
"SECT_236","22235","PLOUZELAMBRE","","PLESTIN-LES-GREVES","Collège du ""Penker""","Rue des écoles","","","22310","22194"
"SECT_237","22238","PLUFUR","","PLESTIN-LES-GREVES","Collège du ""Penker""","Rue des écoles","","","22310","22194"
"SECT_238","22319","SAINT-MICHEL-EN-GREVE","","PLESTIN-LES-GREVES","Collège du ""Penker""","Rue des écoles","","","22310","22194"
"SECT_239","22349","TREDREZ","","PLESTIN-LES-GREVES","Collège du ""Penker""","Rue des écoles","","","22310","22194"
"SECT_24","22271","SAINT-ADRIEN","","BOURBRIAC","Collège ""Jules Ferry""","11 Hent Garen","BP 12","","22390","22013"
"SECT_240","22350","TREDUDER","","PLESTIN-LES-GREVES","Collège du ""Penker""","Rue des écoles","","","22310","22194"
"SECT_241","22366","TREMEL","","PLESTIN-LES-GREVES","Collège du ""Penker""","Rue des écoles","","","22310","22194"
"SECT_242","22198","PLEUMEUR-BODOU","","PLEUMEUR-BODOU","Collège ""Paul Le Flem""","10 rue du Collège","","","22560","22198"
"SECT_243","22343","TREBEURDEN","","PLEUMEUR-BODOU","Collège ""Paul Le Flem""","10 rue du Collège","","","22560","22198"
"SECT_244","22353","TREGASTEL","","PLEUMEUR-BODOU","Collège ""Paul Le Flem""","10 rue du Collège","","","22560","22198"
"SECT_245","22001","ALLINEUC","","PLOEUC-SUR-LIE","Collège ""Eugène Guillevic""","1 Rue du Collège","BP 40","","22150","22203"
"SECT_246","22060","GAUSSON","","PLOEUC-SUR-LIE","Collège ""Eugène Guillevic""","1 Rue du Collège","BP 40","","22150","22203"
"SECT_247","22079","HENON","Le Haut Hénon","PLOEUC-SUR-LIE","Collège ""Eugène Guillevic""","1 Rue du Collège","BP 40","","22150","22203"
"SECT_248","22080","HERMITAGE-LORGE (L')","","PLOEUC-SUR-LIE","Collège ""Eugène Guillevic""","1 Rue du Collège","BP 40","","22150","22203"
"SECT_249","22171","PLAINTEL","Zone à l'est de la RD 700","PLOEUC-SUR-LIE","Collège ""Eugène Guillevic""","1 Rue du Collège","BP 40","","22150","22203"
"SECT_25","22289","SAINT-FIACRE","","BOURBRIAC","Collège ""Jules Ferry""","11 Hent Garen","BP 12","","22390","22013"
"SECT_250","22184","PLEMY","Zone l'Ouest d'une ligne passant par les hameaux suivant en les excluant :Les Alleux, Les Guébeuroux, Belle Brise, Quengo, la Barre","PLOEUC-SUR-LIE","Collège ""Eugène Guillevic""","1 Rue du Collège","BP 40","","22150","22203"
"SECT_251","22203","PLOEUC-SUR-LIE","","PLOEUC-SUR-LIE","Collège ""Eugène Guillevic""","1 Rue du Collège","BP 40","","22150","22203"
"SECT_252","22281","SAINT-CARREUC","","PLOEUC-SUR-LIE","Collège ""Eugène Guillevic""","1 Rue du Collège","BP 40","","22150","22203"
"SECT_253","22011","BOQUEHO","","PLOUAGAT","Collège ""Lucie et Raymond Aubrac""","3 rue du collège","BP 20","","22170","22206"
"SECT_254","22019","BRINGOLO","","PLOUAGAT","Collège ""Lucie et Raymond Aubrac""","3 rue du collège","BP 20","","22170","22206"
"SECT_255","22038","CHATELAUDREN","","PLOUAGAT","Collège ""Lucie et Raymond Aubrac""","3 rue du collège","BP 20","","22170","22206"
"SECT_256","22116","LANRODEC","","PLOUAGAT","Collège ""Lucie et Raymond Aubrac""","3 rue du collège","BP 20","","22170","22206"
"SECT_257","22182","PLELO","","PLOUAGAT","Collège ""Lucie et Raymond Aubrac""","3 rue du collège","BP 20","","22170","22206"
"SECT_258","22188","PLERNEUF","","PLOUAGAT","Collège ""Lucie et Raymond Aubrac""","3 rue du collège","BP 20","","22170","22206"
"SECT_259","22206","PLOUAGAT","","PLOUAGAT","Collège ""Lucie et Raymond Aubrac""","3 rue du collège","BP 20","","22170","22206"
"SECT_26","22322","SAINT-PEVER","","BOURBRIAC","Collège ""Jules Ferry""","11 Hent Garen","BP 12","","22390","22013"
"SECT_260","22234","PLOUVARA","","PLOUAGAT","Collège ""Lucie et Raymond Aubrac""","3 rue du collège","BP 20","","22170","22206"
"SECT_261","22304","SAINT-JEAN-KERDANIEL","","PLOUAGAT","Collège ""Lucie et Raymond Aubrac""","3 rue du collège","BP 20","","22170","22206"
"SECT_262","22356","TREGOMEUR","","PLOUAGAT","Collège ""Lucie et Raymond Aubrac""","3 rue du collège","BP 20","","22170","22206"
"SECT_263","22131","LOGUIVY-PLOUGRAS","à l'exception de la partie située à l'Est de la Rivière Milin ar Prat","PLOUARET","Collège ""François-Marie Luzel""","192 rue de Luzel","BP 1","","22420","22207"
"SECT_264","22207","PLOUARET","","PLOUARET","Collège ""François-Marie Luzel""","192 rue de Luzel","BP 1","","22420","22207"
"SECT_265","22227","PLOUNERIN","","PLOUARET","Collège ""François-Marie Luzel""","192 rue de Luzel","BP 1","","22420","22207"
"SECT_266","22340","TONQUEDEC","","PLOUARET","Collège ""François-Marie Luzel""","192 rue de Luzel","BP 1","","22420","22207"
"SECT_267","22359","TREGROM","","PLOUARET","Collège ""François-Marie Luzel""","192 rue de Luzel","BP 1","","22420","22207"
"SECT_268","22387","VIEUX-MARCHE (LE)","","PLOUARET","Collège ""François-Marie Luzel""","192 rue de Luzel","BP 1","","22420","22207"
"SECT_269","22056","EVRAN","","PLOUASNE","Collège ""La Gautrais""","Bd de la gare","","","22380","22208"
"SECT_27","22335","SENVEN-LEHART","","BOURBRIAC","Collège ""Jules Ferry""","11 Hent Garen","BP 12","","22390","22013"
"SECT_270","22069","GUENROC","","PLOUASNE","Collège ""La Gautrais""","Bd de la gare","","","22380","22208"
"SECT_271","22071","GUITTE","","PLOUASNE","Collège ""La Gautrais""","Bd de la gare","","","22380","22208"
"SECT_272","35143","LANDUJAN (35)","","PLOUASNE","Collège ""La Gautrais""","Bd de la gare","","","22380","22208"
"SECT_273","35360","MEDREAC (35)","","PLOUASNE","Collège ""La Gautrais""","Bd de la gare","","","22380","22208"
"SECT_274","22208","PLOUASNE","","PLOUASNE","Collège ""La Gautrais""","Bd de la gare","","","22380","22208"
"SECT_275","22263","QUIOU (LE)","","PLOUASNE","Collège ""La Gautrais""","Bd de la gare","","","22380","22208"
"SECT_276","22274","SAINT-ANDRE-DES-EAUX","","PLOUASNE","Collège ""La Gautrais""","Bd de la gare","","","22380","22208"
"SECT_277","22306","SAINT-JUDOCE","","PLOUASNE","Collège ""La Gautrais""","Bd de la gare","","","22380","22208"
"SECT_278","22308","SAINT-JUVAT","","PLOUASNE","Collège ""La Gautrais""","Bd de la gare","","","22380","22208"
"SECT_279","22312","SAINT-MADEN","","PLOUASNE","Collège ""La Gautrais""","Bd de la gare","","","22380","22208"
"SECT_28","22020","BROONS","","BROONS","Collège ""Jean Monnet""","4 rue de Neufahrn","BP 2","","22250","22020"
"SECT_280","35307","SAINT-PERN (35)","","PLOUASNE","Collège ""La Gautrais""","Bd de la gare","","","22380","22208"
"SECT_281","22352","TREFUMEL","","PLOUASNE","Collège ""La Gautrais""","Bd de la gare","","","22380","22208"
"SECT_282","22103","LANGROLAY-SUR-RANCE","","PLOUER-SUR-RANCE","Collège ""Val de Rance""","23 rue de la vieille côte","","","22490","22213"
"SECT_283","22190","PLESLIN-TRIGAVOU","","PLOUER-SUR-RANCE","Collège ""Val de Rance""","23 rue de la vieille côte","","","22490","22213"
"SECT_284","22197","PLEUDIHEN-SUR-RANCE","","PLOUER-SUR-RANCE","Collège ""Val de Rance""","23 rue de la vieille côte","","","22490","22213"
"SECT_285","22213","PLOUER-SUR-RANCE","","PLOUER-SUR-RANCE","Collège ""Val de Rance""","23 rue de la vieille côte","","","22490","22213"
"SECT_286","22327","SAINT-SAMSON-SUR-RANCE","","PLOUER-SUR-RANCE","Collège ""Val de Rance""","23 rue de la vieille côte","","","22490","22213"
"SECT_287","22368","TREMEREUC","","PLOUER-SUR-RANCE","Collège ""Val de Rance""","23 rue de la vieille côte","","","22490","22213"
"SECT_288","22385","VICOMTE-SUR-RANCE (LA)","","PLOUER-SUR-RANCE","Collège ""Val de Rance""","23 rue de la vieille côte","","","22490","22213"
"SECT_289","22215","PLOUFRAGAN","Partie Ouest limitée par la voie ferrée St Brieuc-Pontivy sauf le quartier de la Ville au Beau (zone située au Nord de la rue de St-Barthélemy). - Partie Est limitée par la voie ferrée St-Brieuc-Pontivy à l'exception de la partie située au Nord de la rue Guy de Maupassant depuis l'extrémité Sud de la rue J. Ferry jusqu'au rond point de Brézillet","PLOUFRAGAN","Collège ""La Grande Métairie""","8 rue de la Grande Métairie","BP 27","","22440","22215"
"SECT_29","22032","CAULNES","","BROONS","Collège ""Jean Monnet""","4 rue de Neufahrn","BP 2","","22250","22020"
"SECT_290","22287","SAINT-DONAN","en bi appartenance avec le collège de Quintin","PLOUFRAGAN","Collège ""La Grande Métairie""","8 rue de la Grande Métairie","BP 27","","22440","22215"
"SECT_291","22307","SAINT-JULIEN","","PLOUFRAGAN","Collège ""La Grande Métairie""","8 rue de la Grande Métairie","BP 27","","22440","22215"
"SECT_292","22063","GOMMENEC'H","","PLOUHA","Collège ""Jean-Louis Hamon""","1 rue de Dixmude","","","22580","22222"
"SECT_293","22108","LANLEFF","","PLOUHA","Collège ""Jean-Louis Hamon""","1 rue de Dixmude","","","22580","22222"
"SECT_294","22109","LANLOUP","","PLOUHA","Collège ""Jean-Louis Hamon""","1 rue de Dixmude","","","22580","22222"
"SECT_295","22112","LANNEBERT","","PLOUHA","Collège ""Jean-Louis Hamon""","1 rue de Dixmude","","","22580","22222"
"SECT_296","22121","LANVOLLON","","PLOUHA","Collège ""Jean-Louis Hamon""","1 rue de Dixmude","","","22580","22222"
"SECT_297","22177","PLEGUIEN","","PLOUHA","Collège ""Jean-Louis Hamon""","1 rue de Dixmude","","","22580","22222"
"SECT_298","22178","PLEHEDEL","","PLOUHA","Collège ""Jean-Louis Hamon""","1 rue de Dixmude","","","22580","22222"
"SECT_299","22222","PLOUHA","","PLOUHA","Collège ""Jean-Louis Hamon""","1 rue de Dixmude","","","22580","22222"
"SECT_3","22034","CAVAN","","BEGARD","Collège ""François Clec'h""","20 avenue Pierre Perron","BP 6","","22140","22004"
"SECT_30","22036","CHAPELLE-BLANCHE (LA)","","BROONS","Collège ""Jean Monnet""","4 rue de Neufahrn","BP 2","","22250","22020"
"SECT_300","22236","PLUDUAL","","PLOUHA","Collège ""Jean-Louis Hamon""","1 rue de Dixmude","","","22580","22222"
"SECT_301","22370","TREMEVEN","","PLOUHA","Collège ""Jean-Louis Hamon""","1 rue de Dixmude","","","22580","22222"
"SECT_302","22375","TRESSIGNAUX","","PLOUHA","Collège ""Jean-Louis Hamon""","1 rue de Dixmude","","","22580","22222"
"SECT_303","22018","BRELIDY","","PONTRIEUX","Collège ""Charles Brochen""","Impasse  Barthélémy","BP 68","","22260","22250"
"SECT_304","22057","FAOUET (LE)","","PONTRIEUX","Collège ""Charles Brochen""","Impasse  Barthélémy","BP 68","","22260","22250"
"SECT_305","22204","PLOEZAL","","PONTRIEUX","Collège ""Charles Brochen""","Impasse  Barthélémy","BP 68","","22260","22250"
"SECT_306","22212","PLOUEC-DU-TRIEUX","","PONTRIEUX","Collège ""Charles Brochen""","Impasse  Barthélémy","BP 68","","22260","22250"
"SECT_307","22247","POMMERIT-JAUDY","","PONTRIEUX","Collège ""Charles Brochen""","Impasse  Barthélémy","BP 68","","22260","22250"
"SECT_308","22250","PONTRIEUX","","PONTRIEUX","Collège ""Charles Brochen""","Impasse  Barthélémy","BP 68","","22260","22250"
"SECT_309","22256","QUEMPER-GUEZENNEC","","PONTRIEUX","Collège ""Charles Brochen""","Impasse  Barthélémy","BP 68","","22260","22250"
"SECT_31","22053","EREAC","","BROONS","Collège ""Jean Monnet""","4 rue de Neufahrn","BP 2","","22250","22020"
"SECT_310","22269","RUNAN","","PONTRIEUX","Collège ""Charles Brochen""","Impasse  Barthélémy","BP 68","","22260","22250"
"SECT_311","22283","SAINT-CLET","","PONTRIEUX","Collège ""Charles Brochen""","Impasse  Barthélémy","BP 68","","22260","22250"
"SECT_312","22293","SAINT-GILLES-LES-BOIS","","PONTRIEUX","Collège ""Charles Brochen""","Impasse  Barthélémy","BP 68","","22260","22250"
"SECT_313","22378","TREVEREC","","PONTRIEUX","Collège ""Charles Brochen""","Impasse  Barthélémy","BP 68","","22260","22250"
"SECT_314","22009","BODEO (LE)","","QUINTIN","Collège ""Le Volozen""","2 rue du Volozen","","","22800","22262"
"SECT_315","22045","COHINIAC","","QUINTIN","Collège ""Le Volozen""","2 rue du Volozen","","","22800","22262"
"SECT_316","22059","FOEIL (LE)","","QUINTIN","Collège ""Le Volozen""","2 rue du Volozen","","","22800","22262"
"SECT_317","22099","LANFAINS","","QUINTIN","Collège ""Le Volozen""","2 rue du Volozen","","","22800","22262"
"SECT_318","22126","LESLAY (LE)","","QUINTIN","Collège ""Le Volozen""","2 rue du Volozen","","","22800","22262"
"SECT_319","22170","PLAINE-HAUTE","","QUINTIN","Collège ""Le Volozen""","2 rue du Volozen","","","22800","22262"
"SECT_32","22104","LANGUEDIAS","","BROONS","Collège ""Jean Monnet""","4 rue de Neufahrn","BP 2","","22250","22020"
"SECT_320","22171","PLAINTEL","Zone à l'ouest de la RD 700","QUINTIN","Collège ""Le Volozen""","2 rue du Volozen","","","22800","22262"
"SECT_321","22262","QUINTIN","","QUINTIN","Collège ""Le Volozen""","2 rue du Volozen","","","22800","22262"
"SECT_322","22276","SAINT-BIHY","","QUINTIN","Collège ""Le Volozen""","2 rue du Volozen","","","22800","22262"
"SECT_323","22277","SAINT-BRANDAN","","QUINTIN","Collège ""Le Volozen""","2 rue du Volozen","","","22800","22262"
"SECT_324","22287","SAINT-DONAN","en bi appartenance avec le collège de Ploufragan","QUINTIN","Collège ""Le Volozen""","2 rue du Volozen","","","22800","22262"
"SECT_325","22291","SAINT-GILDAS","","QUINTIN","Collège ""Le Volozen""","2 rue du Volozen","","","22800","22262"
"SECT_326","22386","VIEUX-BOURG","","QUINTIN","Collège ""Le Volozen""","2 rue du Volozen","","","22800","22262"
"SECT_327","22061","GLOMEL","","ROSTRENEN","Collège ""Edouard Herriot""","13 Pors Moëllou","","","22110","22266"
"SECT_328","22064","GOUAREC","","ROSTRENEN","Collège ""Edouard Herriot""","13 Pors Moëllou","","","22110","22266"
"SECT_329","22087","KERGRIST-MOELOU","","ROSTRENEN","Collège ""Edouard Herriot""","13 Pors Moëllou","","","22110","22266"
"SECT_33","22114","LANRELAS","","BROONS","Collège ""Jean Monnet""","4 rue de Neufahrn","BP 2","","22250","22020"
"SECT_330","22124","LESCOUET-GOUAREC","","ROSTRENEN","Collège ""Edouard Herriot""","13 Pors Moëllou","","","22110","22266"
"SECT_331","22137","MAEL-CARHAIX","","ROSTRENEN","Collège ""Edouard Herriot""","13 Pors Moëllou","","","22110","22266"
"SECT_332","22146","MELLIONNEC","","ROSTRENEN","Collège ""Edouard Herriot""","13 Pors Moëllou","","","22110","22266"
"SECT_333","22157","MOUSTOIR (LE)","","ROSTRENEN","Collège ""Edouard Herriot""","13 Pors Moëllou","","","22110","22266"
"SECT_334","22163","PAULE","","ROSTRENEN","Collège ""Edouard Herriot""","13 Pors Moëllou","","","22110","22266"
"SECT_335","22167","PERRET","","ROSTRENEN","Collège ""Edouard Herriot""","13 Pors Moëllou","","","22110","22266"
"SECT_336","22181","PLELAUFF","","ROSTRENEN","Collège ""Edouard Herriot""","13 Pors Moëllou","","","22110","22266"
"SECT_337","22202","PLEVIN","","ROSTRENEN","Collège ""Edouard Herriot""","13 Pors Moëllou","","","22110","22266"
"SECT_338","22220","PLOUGUERNEVEL","","ROSTRENEN","Collège ""Edouard Herriot""","13 Pors Moëllou","","","22110","22266"
"SECT_339","22229","PLOUNEVEZ-QUINTIN","","ROSTRENEN","Collège ""Edouard Herriot""","13 Pors Moëllou","","","22110","22266"
"SECT_34","22145","MEGRIT","","BROONS","Collège ""Jean Monnet""","4 rue de Neufahrn","BP 2","","22250","22020"
"SECT_340","22266","ROSTRENEN","","ROSTRENEN","Collège ""Edouard Herriot""","13 Pors Moëllou","","","22110","22266"
"SECT_341","22344","TREBRIVAN","","ROSTRENEN","Collège ""Edouard Herriot""","13 Pors Moëllou","","","22110","22266"
"SECT_342","22351","TREFFRIN","","ROSTRENEN","Collège ""Edouard Herriot""","13 Pors Moëllou","","","22110","22266"
"SECT_343","22373","TREOGAN","","ROSTRENEN","Collège ""Edouard Herriot""","13 Pors Moëllou","","","22110","22266"
"SECT_344","22081","HILLION","","SAINT-BRIEUC","Collège ""Beaufeuillage""","20 rue Anatole France","BP 21","","22000","22278"
"SECT_345","22106","LANGUEUX","","SAINT-BRIEUC","Collège ""Beaufeuillage""","20 rue Anatole France","BP 21","","22000","22278"
"SECT_346","22278","SAINT-BRIEUC","SAINT-BRIEUC Est : - limite Nord-Ouest : rues Rabelais et Anatole France - limite Sud-Ouest : Voie ferrée Rennes Paris - limite Sud-Est : Limite communale St-Brieuc-Langueux - limite Nord-Est : Avenue de France","SAINT-BRIEUC","Collège ""Beaufeuillage""","20 rue Anatole France","BP 21","","22000","22278"
"SECT_347","22360","TREGUEUX","La Hazaie - Nord de la RN12","SAINT-BRIEUC","Collège ""Beaufeuillage""","20 rue Anatole France","BP 21","","22000","22278"
"SECT_348","22278","SAINT-BRIEUC","SAINT-BRIEUC Sud-Est : - limite Nord : ligne SNCF (de la passerelle à la Vallée de Douvenant) - limite Ouest : voir limite Est du collège A.Le Braz - limite Sud : Limite communale St-Brieuc-Trégueux","SAINT BRIEUC","Collège ""Léonard De Vinci""","2 rue Marcel PROUST","BP 20221","","22015","22278"
"SECT_349","22360","TREGUEUX","à l'exception La Hazaie - Nord de la RN12","SAINT BRIEUC","Collège ""Léonard De Vinci""","2 rue Marcel PROUST","BP 20221","","22015","22278"
"SECT_35","22239","PLUMAUDAN","","BROONS","Collège ""Jean Monnet""","4 rue de Neufahrn","BP 2","","22250","22020"
"SECT_350","22187","PLERIN","Le Légué / St Laurent délimités par les rues du Roselier, de la Ville Angan, du stade et la N12, y compris rue du Port Favigo
 Et Quai Guinard, en bi appartenance avec le collège Léquier de Plérin","SAINT-BRIEUC","Collège ""Anatole Le Braz""","46 rue du 71ème R.I.","BP 2231","","22022","22278"
"SECT_351","22215","PLOUFRAGAN","partie située au Nord de la rue Guy de Maupassant depuis l'extrémité Sud de la rue J. Ferry jusqu'au rond point de Brézillet","SAINT-BRIEUC","Collège ""Anatole Le Braz""","46 rue du 71ème R.I.","BP 2231","","22022","22278"
"SECT_352","22278","SAINT-BRIEUC","SAINT-BRIEUC Centre : - limite Nord : Rivière du Gouët - limite Ouest : rue Palasne Champeaux, Boulevard de la Tour d'Auvergne, rue de la Caquinerie - limite Sud : limite communale St-Brieuc-Ploufragan (du dépôt SNCF au rond point de Brézillet) - limite Est : Vallée de Gouëdic","SAINT-BRIEUC","Collège ""Anatole Le Braz""","46 rue du 71ème R.I.","BP 2231","","22022","22278"
"SECT_353","22389","YFFINIAC","","SAINT-BRIEUC","Collège ""Anatole Le Braz""","46 rue du 71ème R.I.","BP 2231","","22022","22278"
"SECT_354","22144","MEAUGON (LA)","","SAINT-BRIEUC","Collège ""Jean Macé""","41 Rue du Trégor","BP 7028","Cedex","22070","22278"
"SECT_355","22187","PLERIN","Les Mines - Le Jouguet (zone de la Vallée du Gouët allant de la rue du Puits Cavalier à la rue du Jouquet)","SAINT-BRIEUC","Collège ""Jean Macé""","41 Rue du Trégor","BP 7028","Cedex","22070","22278"
"SECT_356","22215","PLOUFRAGAN","La Ville au Beau (zone située au Nord de la rue de St Barthélemy)","SAINT-BRIEUC","Collège ""Jean Macé""","41 Rue du Trégor","BP 7028","Cedex","22070","22278"
"SECT_357","22278","SAINT-BRIEUC","Saint-Brieuc Ouest : - limite Nord : vallée du Gouët (du Bois Boissel aux Mines de Plérin) - limite Est : rue A.Pavie, Rue de la Caquinerie, rue T.Corbière, Bd de la Tour d'Auvergne, rue Palasme de Champeaux, Dépôt SNCF - limite Sud : limite communale St-Brieuc-Ploufragan - limite Ouest : limite communale St-Brieuc-Ploufragan","SAINT-BRIEUC","Collège ""Jean Macé""","41 Rue du Trégor","BP 7028","Cedex","22070","22278"
"SECT_358","22372","TREMUSON","","SAINT-BRIEUC","Collège ""Jean Macé""","41 Rue du Trégor","BP 7028","Cedex","22070","22278"
"SECT_359","22176","PLEDRAN","","SAINT-BRIEUC","Collège ""Racine""","1 rue Racine","BP 2227","Cedex 1","22000","22278"
"SECT_36","22240","PLUMAUGAT","","BROONS","Collège ""Jean Monnet""","4 rue de Neufahrn","BP 2","","22250","22020"
"SECT_360","22278","SAINT-BRIEUC","Saint-Brieuc Nord-Est : - limite Nord : Embouchure du Gouët (à partir du Pont Tournant Le Légué) - limite Ouest : Vallée du Gouëdic (du Pont Tournant le Légué à la rue de Trégueux) - limite Sud : voir limite Nord du collège Léonard de Vinci - limite Est : délimitée par le Ruisseau de Douvenant, avenue de France, rue A.France, rue Rabelais","SAINT-BRIEUC","Collège ""Racine""","1 rue Racine","BP 2227","Cedex 1","22000","22278"
"SECT_361","22029","CANIHUEL","","SAINT-NICOLAS-DU-PELEM","Collège ""Jean Jaurès""","34 Rue du Stade","BP 28","","22480","22321"
"SECT_362","22092","KERPERT","","SAINT-NICOLAS-DU-PELEM","Collège ""Jean Jaurès""","34 Rue du Stade","BP 28","","22480","22321"
"SECT_363","22107","LANISCAT","","SAINT-NICOLAS-DU-PELEM","Collège ""Jean Jaurès""","34 Rue du Stade","BP 28","","22480","22321"
"SECT_364","22115","LANRIVAIN","","SAINT-NICOLAS-DU-PELEM","Collège ""Jean Jaurès""","34 Rue du Stade","BP 28","","22480","22321"
"SECT_365","22169","PEUMERIT-QUINTIN","","SAINT-NICOLAS-DU-PELEM","Collège ""Jean Jaurès""","34 Rue du Stade","BP 28","","22480","22321"
"SECT_366","22284","SAINT-CONNAN","","SAINT-NICOLAS-DU-PELEM","Collège ""Jean Jaurès""","34 Rue du Stade","BP 28","","22480","22321"
"SECT_367","22331","SAINTE-TREPHINE","","SAINT-NICOLAS-DU-PELEM","Collège ""Jean Jaurès""","34 Rue du Stade","BP 28","","22480","22321"
"SECT_368","22294","SAINT-GILLES-PLIGEAUX","","SAINT-NICOLAS-DU-PELEM","Collège ""Jean Jaurès""","34 Rue du Stade","BP 28","","22480","22321"
"SECT_369","22321","SAINT-NICOLAS-DU-PELEM","","SAINT-NICOLAS-DU-PELEM","Collège ""Jean Jaurès""","34 Rue du Stade","BP 28","","22480","22321"
"SECT_37","22267","ROUILLAC","","BROONS","Collège ""Jean Monnet""","4 rue de Neufahrn","BP 2","","22250","22020"
"SECT_370","22334","SAINT-YGEAUX","","SAINT-NICOLAS-DU-PELEM","Collège ""Jean Jaurès""","34 Rue du Stade","BP 28","","22480","22321"
"SECT_371","22365","TREMARGAT","","SAINT-NICOLAS-DU-PELEM","Collège ""Jean Jaurès""","34 Rue du Stade","BP 28","","22480","22321"
"SECT_372","22007","BINIC","","ST-QUAY-PORTRIEUX","Collège ""Camille Claudel""","2 Rue du Calvaire","","","22410","22325"
"SECT_373","22055","ETABLES-SUR-MER","","ST-QUAY-PORTRIEUX","Collège ""Camille Claudel""","2 Rue du Calvaire","","","22410","22325"
"SECT_374","22117","LANTIC","","ST-QUAY-PORTRIEUX","Collège ""Camille Claudel""","2 Rue du Calvaire","","","22410","22325"
"SECT_375","22232","PLOURHAN","","ST-QUAY-PORTRIEUX","Collège ""Camille Claudel""","2 Rue du Calvaire","","","22410","22325"
"SECT_376","22325","SAINT-QUAY-PORTRIEUX","","ST-QUAY-PORTRIEUX","Collège ""Camille Claudel""","2 Rue du Calvaire","","","22410","22325"
"SECT_377","22361","TREGUIDEL","","ST-QUAY-PORTRIEUX","Collège ""Camille Claudel""","2 Rue du Calvaire","","","22410","22325"
"SECT_378","22377","TREVENEUC","","ST-QUAY-PORTRIEUX","Collège ""Camille Claudel""","2 Rue du Calvaire","","","22410","22325"
"SECT_379","22028","CAMLEZ","","TREGUIER","Collège ""Ernest Renan""","Chemin de la Corderie","","","22220","22362"
"SECT_38","22305","SAINT-JOUAN-DE-L'ISLE","","BROONS","Collège ""Jean Monnet""","4 rue de Neufahrn","BP 2","","22250","22020"
"SECT_380","22042","COATREVEN","","TREGUIER","Collège ""Ernest Renan""","Chemin de la Corderie","","","22220","22362"
"SECT_381","22078","HENGOAT","","TREGUIER","Collège ""Ernest Renan""","Chemin de la Corderie","","","22220","22362"
"SECT_382","22085","KERBORS","","TREGUIER","Collège ""Ernest Renan""","Chemin de la Corderie","","","22220","22362"
"SECT_383","22101","LANGOAT","","TREGUIER","Collège ""Ernest Renan""","Chemin de la Corderie","","","22220","22362"
"SECT_384","22111","LANMODEZ","","TREGUIER","Collège ""Ernest Renan""","Chemin de la Corderie","","","22220","22362"
"SECT_385","22141","MANTALLOT","","TREGUIER","Collège ""Ernest Renan""","Chemin de la Corderie","","","22220","22362"
"SECT_386","22152","MINIHY-TREGUIER","","TREGUIER","Collège ""Ernest Renan""","Chemin de la Corderie","","","22220","22362"
"SECT_387","22166","PENVENAN","","TREGUIER","Collège ""Ernest Renan""","Chemin de la Corderie","","","22220","22362"
"SECT_388","22195","PLEUBIAN","","TREGUIER","Collège ""Ernest Renan""","Chemin de la Corderie","","","22220","22362"
"SECT_389","22199","PLEUMEUR-GAUTIER","","TREGUIER","Collège ""Ernest Renan""","Chemin de la Corderie","","","22220","22362"
"SECT_39","22337","SEVIGNAC","","BROONS","Collège ""Jean Monnet""","4 rue de Neufahrn","BP 2","","22250","22020"
"SECT_390","22218","PLOUGRESCANT","","TREGUIER","Collège ""Ernest Renan""","Chemin de la Corderie","","","22220","22362"
"SECT_391","22221","PLOUGUIEL","","TREGUIER","Collège ""Ernest Renan""","Chemin de la Corderie","","","22220","22362"
"SECT_392","22253","POULDOURAN","","TREGUIER","Collège ""Ernest Renan""","Chemin de la Corderie","","","22220","22362"
"SECT_393","22257","QUEMPERVEN","","TREGUIER","Collège ""Ernest Renan""","Chemin de la Corderie","","","22220","22362"
"SECT_394","22264","ROCHE-DERRIEN (LA)","","TREGUIER","Collège ""Ernest Renan""","Chemin de la Corderie","","","22220","22362"
"SECT_395","22347","TREDARZEC","","TREGUIER","Collège ""Ernest Renan""","Chemin de la Corderie","","","22220","22362"
"SECT_396","22362","TREGUIER","","TREGUIER","Collège ""Ernest Renan""","Chemin de la Corderie","","","22220","22362"
"SECT_397","22383","TROGUERY","","TREGUIER","Collège ""Ernest Renan""","Chemin de la Corderie","","","22220","22362"
"SECT_4","22041","COATASCORN","","BEGARD","Collège ""François Clec'h""","20 avenue Pierre Perron","BP 6","","22140","22004"
"SECT_40","22342","TREBEDAN","","BROONS","Collège ""Jean Monnet""","4 rue de Neufahrn","BP 2","","22250","22020"
"SECT_41","22348","TREDIAS","","BROONS","Collège ""Jean Monnet""","4 rue de Neufahrn","BP 2","","22250","22020"
"SECT_42","22369","TREMEUR","","BROONS","Collège ""Jean Monnet""","4 rue de Neufahrn","BP 2","","22250","22020"
"SECT_43","22391","YVIGNAC-LA-TOUR","","BROONS","Collège ""Jean Monnet""","4 rue de Neufahrn","BP 2","","22250","22020"
"SECT_44","22023","BULAT-PESTIVIEN","","CALLAC","Collège ""Gwer Halou""","BP 68 - 16 rue Anatole Le Braz","","","22160","22025"
"SECT_45","22024","CALANHEL","","CALLAC","Collège ""Gwer Halou""","BP 68 - 16 rue Anatole Le Braz","","","22160","22025"
"SECT_46","22025","CALLAC","","CALLAC","Collège ""Gwer Halou""","BP 68 - 16 rue Anatole Le Braz","","","22160","22025"
"SECT_47","22031","CARNOET","","CALLAC","Collège ""Gwer Halou""","BP 68 - 16 rue Anatole Le Braz","","","22160","22025"
"SECT_48","22037","CHAPELLE-NEUVE (LA)","","CALLAC","Collège ""Gwer Halou""","BP 68 - 16 rue Anatole Le Braz","","","22160","22025"
"SECT_49","22052","DUAULT","","CALLAC","Collège ""Gwer Halou""","BP 68 - 16 rue Anatole Le Braz","","","22160","22025"
"SECT_5","22091","KERMOROC'H","","BEGARD","Collège ""François Clec'h""","20 avenue Pierre Perron","BP 6","","22140","22004"
"SECT_50","22128","LOCARN","","CALLAC","Collège ""Gwer Halou""","BP 68 - 16 rue Anatole Le Braz","","","22160","22025"
"SECT_51","22132","LOHUEC","","CALLAC","Collège ""Gwer Halou""","BP 68 - 16 rue Anatole Le Braz","","","22160","22025"
"SECT_52","22138","MAEL-PESTIVIEN","","CALLAC","Collège ""Gwer Halou""","BP 68 - 16 rue Anatole Le Braz","","","22160","22025"
"SECT_53","22231","PLOURAC'H","","CALLAC","Collège ""Gwer Halou""","BP 68 - 16 rue Anatole Le Braz","","","22160","22025"
"SECT_54","22243","PLUSQUELLEC","","CALLAC","Collège ""Gwer Halou""","BP 68 - 16 rue Anatole Le Braz","","","22160","22025"
"SECT_55","22320","SAINT-NICODEME","","CALLAC","Collège ""Gwer Halou""","BP 68 - 16 rue Anatole Le Braz","","","22160","22025"
"SECT_56","22328","SAINT-SERVAIS","","CALLAC","Collège ""Gwer Halou""","BP 68 - 16 rue Anatole Le Braz","","","22160","22025"
"SECT_57","22046","COLLINEE","","COLLINEE","Collège ""Victor Vasarely""","Rue André Gilles","BP 11","","22330","22046"
"SECT_58","22066","GOURAY (LE)","","COLLINEE","Collège ""Victor Vasarely""","Rue André Gilles","BP 11","","22330","22046"
"SECT_59","22102","LANGOURLA","","COLLINEE","Collège ""Victor Vasarely""","Rue André Gilles","BP 11","","22330","22046"
"SECT_6","22095","LANDEBAERON","","BEGARD","Collège ""François Clec'h""","20 avenue Pierre Perron","BP 6","","22140","22004"
"SECT_60","22292","SAINT-GILLES-DU-MENE","","COLLINEE","Collège ""Victor Vasarely""","Rue André Gilles","BP 11","","22330","22046"
"SECT_61","22297","SAINT-GOUENO","","COLLINEE","Collège ""Victor Vasarely""","Rue André Gilles","BP 11","","22330","22046"
"SECT_62","22303","SAINT-JACUT-DU-MENE","","COLLINEE","Collège ""Victor Vasarely""","Rue André Gilles","BP 11","","22330","22046"
"SECT_63","22047","CORLAY","","CORLAY","Collège ""Pier An Dall""","2 rue des Ecoles","","","22320","22047"
"SECT_64","22073","HARMOYE (LA)","","CORLAY","Collège ""Pier An Dall""","2 rue des Ecoles","","","22320","22047"
"SECT_65","22074","HAUT-CORLAY (LE)","","CORLAY","Collège ""Pier An Dall""","2 rue des Ecoles","","","22320","22047"
"SECT_66","22244","PLUSSULIEN","","CORLAY","Collège ""Pier An Dall""","2 rue des Ecoles","","","22320","22047"
"SECT_67","22313","SAINT-MARTIN-DES-PRES","","CORLAY","Collège ""Pier An Dall""","2 rue des Ecoles","","","22320","22047"
"SECT_68","22316","SAINT-MAYEUX","","CORLAY","Collège ""Pier An Dall""","2 rue des Ecoles","","","22320","22047"
"SECT_69","22003","AUCALEUC","","DINAN","Collège ""Broussais""","1 rue Broussais","BP 66","Cedex","22102","22050"
"SECT_7","22135","LOUARGAT","Secteur situé au nord du chemin de fer","BEGARD","Collège ""François Clec'h""","20 avenue Pierre Perron","BP 6","","22140","22004"
"SECT_70","22008","BOBITAL","","DINAN","Collège ""Broussais""","1 rue Broussais","BP 66","Cedex","22102","22050"
"SECT_71","22021","BRUSVILY","","DINAN","Collège ""Broussais""","1 rue Broussais","BP 66","Cedex","22102","22050"
"SECT_72","22050","DINAN","secteur situé à l'Ouest d'une ligne passant par les rues Capitaine Hesry-rue du Colombier-rue Carnot-rue Thiers-rue Chateaubriand-rue du bas Bourgneuf. Toutes les rues citées ci-dessus appartiennent au secteur de recrutement du collège Broussais","DINAN","Collège ""Broussais""","1 rue Broussais","BP 66","Cedex","22102","22050"
"SECT_73","22082","HINGLE (LE)","","DINAN","Collège ""Broussais""","1 rue Broussais","BP 66","Cedex","22102","22050"
"SECT_74","22097","LANDEC (LA)","","DINAN","Collège ""Broussais""","1 rue Broussais","BP 66","Cedex","22102","22050"
"SECT_75","22123","LEHON","","DINAN","Collège ""Broussais""","1 rue Broussais","BP 66","Cedex","22102","22050"
"SECT_76","22180","PLELAN-LE-PETIT","","DINAN","Collège ""Broussais""","1 rue Broussais","BP 66","Cedex","22102","22050"
"SECT_77","22259","QUEVERT","","DINAN","Collège ""Broussais""","1 rue Broussais","BP 66","Cedex","22102","22050"
"SECT_78","22280","SAINT-CARNE","","DINAN","Collège ""Broussais""","1 rue Broussais","BP 66","Cedex","22102","22050"
"SECT_79","22364","TRELIVAN","","DINAN","Collège ""Broussais""","1 rue Broussais","BP 66","Cedex","22102","22050"
"SECT_8","22164","PEDERNEC","","BEGARD","Collège ""François Clec'h""","20 avenue Pierre Perron","BP 6","","22140","22004"
"SECT_80","22380","TREVRON","","DINAN","Collège ""Broussais""","1 rue Broussais","BP 66","Cedex","22102","22050"
"SECT_81","22388","VILDE-GUINGALAN","","DINAN","Collège ""Broussais""","1 rue Broussais","BP 66","Cedex","22102","22050"
"SECT_82","22026","CALORGUEN","","DINAN","Collège ""Roger Vercel""","12 rue de Léhon","BP 22065","","22102","22050"
"SECT_83","22035","CHAMPS GERAUX (LES)","","DINAN","Collège ""Roger Vercel""","12 rue de Léhon","BP 22065","","22102","22050"
"SECT_84","22050","DINAN","Secteur à l'Est d'une ligne passant par les rues : Capitaine Hesry-rue du Colombier-rue Carnot-rue Thiers-rue Chateaubriand-rue du bas Bourgneuf. Les rues citées ci-dessus n'appartiennent pas au secteur de recrutement du collège Vercel","DINAN","Collège ""Roger Vercel""","12 rue de Léhon","BP 22065","","22102","22050"
"SECT_85","22118","LANVALLAY","","DINAN","Collège ""Roger Vercel""","12 rue de Léhon","BP 22065","","22102","22050"
"SECT_86","22299","SAINT-HELEN","","DINAN","Collège ""Roger Vercel""","12 rue de Léhon","BP 22065","","22102","22050"
"SECT_87","22339","TADEN","","DINAN","Collège ""Roger Vercel""","12 rue de Léhon","BP 22065","","22102","22050"
"SECT_88","22012","BOUILLIE (LA)","","ERQUY","Collège ""Thalassa""","27 rue Clémenceau","","","22430","22054"
"SECT_89","22054","ERQUY","","ERQUY","Collège ""Thalassa""","27 rue Clémenceau","","","22430","22054"
"SECT_9","22245","PLUZUNET","","BEGARD","Collège ""François Clec'h""","20 avenue Pierre Perron","BP 6","","22140","22004"
"SECT_90","22179","FREHEL","","ERQUY","Collège ""Thalassa""","27 rue Clémenceau","","","22430","22054"
"SECT_91","22242","PLURIEN","","ERQUY","Collège ""Thalassa""","27 rue Clémenceau","","","22430","22054"
"SECT_92","22040","COADOUT","","GUINGAMP","Collège ""Albert Camus""","2 rue Kerpaour - Grâces","BP 50534","Cedex","22205","22070"
"SECT_93","22067","GRACES","","GUINGAMP","Collège ""Albert Camus""","2 rue Kerpaour - Grâces","BP 50534","Cedex","22205","22070"
"SECT_94","22070","GUINGAMP","rive gauche du Trieux","GUINGAMP","Collège ""Albert Camus""","2 rue Kerpaour - Grâces","BP 50534","Cedex","22205","22070"
"SECT_95","22072","GURUNHUEL","","GUINGAMP","Collège ""Albert Camus""","2 rue Kerpaour - Grâces","BP 50534","Cedex","22205","22070"
"SECT_96","22156","MOUSTERU","","GUINGAMP","Collège ""Albert Camus""","2 rue Kerpaour - Grâces","BP 50534","Cedex","22205","22070"
"SECT_97","22223","PLOUISY","","GUINGAMP","Collège ""Albert Camus""","2 rue Kerpaour - Grâces","BP 50534","Cedex","22205","22070"
"SECT_98","22338","SQUIFFIEC","","GUINGAMP","Collège ""Albert Camus""","2 rue Kerpaour - Grâces","BP 50534","Cedex","22205","22070"
"SECT_99","22354","TREGLAMUS","","GUINGAMP","Collège ""Albert Camus""","2 rue Kerpaour - Grâces","BP 50534","Cedex","22205","22070"
